latitude,longitude,elevation_m,cumulative_distance_km,segment_distance_km,slope_percent,arrival_timestamp,vehicle_speed_kmh,duration_hours,temperature,rainfall,wind_speed,cloud_cover,predicted_ghi,predicted_direct_radiation,predicted_dhi,predicted_dni,solar_timestamp,solar_latitude,solar_longitude,solar_vehicle_speed_kmh,solar_ghi_w_m2,solar_direct_radiation_w_m2,solar_dhi_w_m2,solar_dni_w_m2,solar_cloud_cover_percent,solar_ambient_temperature_c,solar_wind_speed_kmh,solar_solar_elevation_deg,solar_solar_azimuth_deg,solar_poa_irradiance_w_m2,solar_tilt_factor,solar_cloud_correction_factor,solar_effective_irradiance_w_m2,solar_cell_temperature_c,solar_temperature_derating_factor,solar_adjusted_panel_efficiency,solar_solar_power_w,solar_net_solar_power_w,solar_duration_hours,solar_solar_energy_wh,solar_solar_energy_kwh,solar_distance_km,elevation_gain_m,rolling_resistance_force_n,aerodynamic_drag_force_n,rolling_energy_wh,drag_energy_wh,elevation_energy_wh,temperature_energy_factor,energy_consumed_wh,net_energy_consumption_wh,battery_remaining_wh,battery_remaining_percent,cumulative_distance_km,average_net_energy_wh_per_km,remaining_range_km,weather_risk,cumulative_solar_energy_wh
9.9312901,76.2673242,0.0,0.0,10.003132549994309,0.0,2026-06-25 08:00:00.000000000,55.0,0.18187514,25.67,0.0,7.23,60.71555555555555,176.78,123.11352044444446,53.66647955555554,246.22704088888895,2026-06-25 08:00:00,9.9312901,76.2673242,55.0,176.78,123.11352044444446,53.66647955555554,246.22704088888895,60.71555555555555,25.67,7.23,32.03,68.495,184.255,1.04228,0.60535,111.539,27.348,0.99061,0.21793,48.616,46.185,0.18187513947486877,8.4,0.0084,10.003,0.0,147.09975,96.63504,454.1538,298.34973,0.0,1.0367,780.12036,771.7204,59228.28,98.7138,10.003133,77.14787,767.7241,0.18214666666666662,8.4
9.97146,76.31799,6.0,10.003132549994309,10.034327751481023,0.059981212,2026-06-25 08:10:54.750494182,55.0,0.18244232,25.67,0.0,7.23,63.44270139586017,176.78,120.7029962361992,56.0770037638008,241.40599247239842,2026-06-25 08:10:54,9.97146,76.31799,55.0,176.78,120.7029962361992,56.0770037638008,241.40599247239842,63.44270139586017,25.67,7.23,34.586,68.338,193.111,1.09238,0.58762,113.476,27.409,0.99037,0.21788,49.448,46.976,0.1824423223733902,8.57,0.00857,10.034,6.0,147.09975,96.63504,455.5701,299.28012,27.240694,1.0367,810.79364,802.22363,58426.055,97.37676,20.03746,78.55008,743.80646,0.1903281041875805,16.97
10.05746,76.32154,15.0,20.03746030147533,10.022352904196417,0.08969211,2026-06-25 08:21:51.542856097,55.0,0.1822246,25.67,0.0,7.23,65.96658421262241,176.78,118.47213621446306,58.30786378553694,236.94427242892615,2026-06-25 08:21:51,10.05746,76.32154,55.0,176.78,118.47213621446306,58.30786378553694,236.94427242892615,65.96658421262241,25.67,7.23,37.125,68.15,201.317,1.1388,0.57122,114.996,27.456,0.99018,0.21784,50.101,47.596,0.1822246015071869,8.673,0.00867,10.022,9.0,147.09975,96.63504,455.02643,298.92297,40.861042,1.0367,823.98,815.307,57610.75,96.017914,30.059813,79.48323,724.81647,0.19789975263786722,25.643
10.1302,76.34888,10.0,30.059813205671748,9.95824389352109,-0.049888484,2026-06-25 08:32:47.551409826,55.0,0.18105897,25.67,0.0,7.23,68.09574253150672,176.78,116.59017317640121,60.18982682359879,233.18034635280245,2026-06-25 08:32:47,10.1302,76.34888,55.0,176.78,116.59017317640121,60.18982682359879,233.18034635280245,68.09574253150672,25.67,7.23,39.672,67.881,209.051,1.18255,0.55738,116.52,27.504,0.98998,0.2178,50.756,48.218,0.18105897307395935,8.73,0.00873,9.958,0.0,147.09975,96.63504,452.11578,297.0109,0.0,1.0367,776.6196,767.88965,56842.86,94.7381,40.01806,78.8929,720.50665,0.20428722759452014,34.373000000000005
10.1995,76.38418,16.0,40.01805709919284,9.987988087359795,0.060251586,2026-06-25 08:43:39.363737401,55.0,0.18159978,25.67,0.0,7.23,69.90895632257299,176.78,114.98747350647774,61.79252649352226,229.9749470129555,2026-06-25 08:43:39,10.1995,76.38418,55.0,176.78,114.98747350647774,61.79252649352226,229.9749470129555,69.90895632257299,25.67,7.23,42.205,67.531,216.285,1.22347,0.54559,118.003,27.55,0.9898,0.21776,51.392,48.822,0.18159978091716766,8.866,0.00887,9.988,6.0,147.09975,96.63504,453.46622,297.898,27.240694,1.0367,807.17975,798.3137,56044.547,93.40758,50.006046,79.099525,708.53204,0.20972686896771897,43.239000000000004
10.27556,76.34526,23.0,50.00604518655263,10.003598792493875,0.070084184,2026-06-25 08:54:33.122957666,55.0,0.18188362,25.58,0.0,7.02,71.5408298401208,176.31,113.24318145444153,63.066818545558476,226.48636290888308,2026-06-25 08:54:33,10.27556,76.34526,55.0,176.31,113.24318145444153,63.066818545558476,226.48636290888308,71.5408298401208,25.58,7.02,44.673,67.11,222.299,1.26084,0.53498,118.927,27.541,0.98983,0.21776,51.796,49.206,0.18188361823558807,8.95,0.00895,10.004,7.0,147.09975,95.98393,454.17496,296.35333,31.78081,1.0358,810.31573,801.3658,55243.18,92.07197,60.009644,79.2676,696.92004,0.21462248952036236,52.18900000000001
10.35635,76.31663,10.0,60.00964397904651,9.994608225619892,-0.12995324,2026-06-25 09:05:27.903969538,55.0,0.18172015,26.28,0.0,7.12,52.60776250959693,308.11,227.06511146584046,81.04488853415955,321.1185601767501,2026-06-25 09:05:27,10.35635,76.31663,55.0,308.11,227.06511146584046,81.04488853415955,321.1185601767501,52.60776250959693,26.28,7.12,47.143,66.593,316.443,1.02705,0.65805,208.235,31.007,0.97597,0.21471,89.422,84.951,0.18172015249729156,15.437,0.01544,9.995,0.0,147.09975,96.29371,453.76678,297.04254,0.0,1.0428,782.944,767.50696,54475.67,90.792786,70.00425,78.91417,690.3155,0.1578232875287908,67.626
10.4249,76.26782,17.0,70.0042522046664,10.014183540907638,0.07003776,2026-06-25 09:16:22.096507940,55.0,0.18207607,26.28,0.0,7.12,54.63891629103308,308.11,223.936017507849,84.17398249215103,316.6933530634189,2026-06-25 09:16:22,10.4249,76.26782,55.0,308.11,223.936017507849,84.17398249215103,316.6933530634189,54.63891629103308,26.28,7.12,49.584,65.954,325.292,1.05577,0.64485,209.764,31.055,0.97578,0.21467,90.061,85.557,0.18207606673240662,15.578,0.01558,10.014,7.0,147.09975,96.29371,454.65552,297.62433,31.78081,1.0428,817.61847,802.04047,53673.633,89.456055,80.01843,79.06138,678.8856,0.16391674887309923,83.20400000000001
10.51217,76.25844,31.0,80.01843574557404,9.99373574221498,0.13980171,2026-06-25 09:27:17.570339712,55.0,0.18170428,26.28,0.0,7.12,56.406842768498564,308.11,221.21243837298954,86.89756162701048,312.8416305127043,2026-06-25 09:27:17,10.51217,76.25844,55.0,308.11,221.21243837298954,86.89756162701048,312.8416305127043,56.406842768498564,26.28,7.12,52.055,65.189,333.606,1.08275,0.63336,211.291,31.103,0.97559,0.21463,90.699,86.164,0.18170428276062012,15.656,0.01566,9.994,14.0,147.09975,96.29371,453.72717,297.01663,63.56162,1.0428,849.1577,833.5017,52840.13,88.06689,90.01217,79.54334,664.2935,0.1692205283054957,98.86000000000001
10.55653,76.32354,18.0,90.01217148778902,10.005801032201731,-0.13008149,2026-06-25 09:38:11.705770111,55.0,0.18192366,26.28,0.0,7.12,57.948910599858095,308.11,218.83680577538863,89.27319422461139,309.4819786739614,2026-06-25 09:38:11,10.55653,76.32354,55.0,308.11,218.83680577538863,89.27319422461139,309.4819786739614,57.948910599858095,26.28,7.12,54.554,64.179,341.396,1.10803,0.62333,212.803,31.15,0.9754,0.21459,91.33,86.764,0.18192365765571594,15.784,0.01578,10.006,0.0,147.09975,96.29371,454.27493,297.3752,0.0,1.0428,783.8208,768.0368,52072.094,86.78682,100.017975,79.26481,656.93835,0.17384673179957427,114.64400000000002
10.57787,76.40825,119.0,100.01797251999075,10.014700140208376,1.0094144,2026-06-25 09:49:06.630928582,55.0,0.18208545,26.28,0.0,7.12,59.29505775983087,308.11,216.76299876809253,91.34700123190748,306.5491726784989,2026-06-25 09:49:06,10.57787,76.40825,55.0,308.11,216.76299876809253,91.34700123190748,306.5491726784989,59.29505775983087,26.28,7.12,57.04,62.91,348.557,1.13128,0.61458,214.217,31.194,0.97522,0.21455,91.92,87.324,0.18208545446395874,15.9,0.0159,10.015,101.0,147.09975,96.29371,454.679,297.63968,458.5517,1.0428,1262.6956,1246.7957,50825.297,84.70883,110.03267,83.38161,609.5505,0.1778851732794926,130.544
10.6031,76.49223,57.0,110.03267266019913,10.006162968897854,-0.6190899,2026-06-25 10:00:02.138574121,55.0,0.18193023,27.13,0.0,11.5,43.025792435769525,444.07,348.53768176523914,95.53231823476085,402.4566487797779,2026-06-25 10:00:02,10.6031,76.49223,55.0,444.07,348.53768176523914,95.53231823476085,402.4566487797779,43.025792435769525,27.13,11.5,59.5,61.371,442.302,0.99602,0.72033,318.604,34.211,0.96315,0.21189,135.021,128.27,0.18193022906780243,23.336,0.02334,10.006,0.0,147.09975,110.35152,454.29138,340.801,0.0,1.0513,835.8806,812.5446,50012.754,83.35459,120.03883,83.20013,601.11395,0.12907737730730856,153.88
10.64912,76.56288,62.0,120.03883562909698,9.981157985078681,0.049969204,2026-06-25 10:10:57.087422994,55.0,0.1814756,27.13,0.0,11.5,44.373722095007025,444.07,345.54480614635116,98.52519385364883,399.00077369134584,2026-06-25 10:10:57,10.64912,76.56288,55.0,444.07,345.54480614635116,98.52519385364883,399.00077369134584,44.373722095007025,27.13,11.5,61.917,59.54,450.551,1.0146,0.71157,320.599,34.274,0.96291,0.21184,135.831,129.039,0.18147559463977814,23.417,0.02342,9.981,5.0,147.09975,110.35152,453.15613,339.94937,22.700579,1.0513,857.6569,834.2399,49178.516,81.96419,130.01999,83.2294,590.8791,0.13312116628502108,177.297
10.72485,76.60673,82.0,130.01999361417566,9.987930370048758,0.20037755,2026-06-25 10:21:50.399582018,55.0,0.18159874,27.13,0.0,16.64,45.66813633219604,444.07,342.67075349480854,101.39924650519146,395.6821035472792,2026-06-25 10:21:50,10.72485,76.60673,55.0,444.07,342.67075349480854,101.39924650519146,395.6821035472792,45.66813633219604,27.13,16.64,64.273,57.379,457.858,1.03105,0.70316,321.946,33.031,0.96788,0.21293,137.106,130.25,0.1815987378358841,23.653,0.02365,9.988,20.0,147.09975,128.06964,453.4636,394.79956,90.802315,1.0513,987.23956,963.58655,48214.926,80.358215,140.00792,84.17433,572.79846,0.1370044089965881,200.95
10.76743,76.67854,98.0,140.00792398422442,9.995628818695366,0.16019335,2026-06-25 10:32:44.155024422,55.0,0.1817387,27.14,0.0,16.64,46.783897424351714,444.07,340.1933733538407,103.87662664615931,392.82147136473355,2026-06-25 10:32:44,10.76743,76.67854,55.0,444.07,340.1933733538407,103.87662664615931,392.82147136473355,46.783897424351714,27.14,16.64,66.575,54.618,464.323,1.04561,0.6959,323.125,33.078,0.96769,0.21289,137.581,130.702,0.1817387044429779,23.754,0.02375,9.996,16.0,147.09975,128.06964,453.8131,395.10385,72.64185,1.0514,968.92694,945.173,47269.754,78.78292,150.00356,84.866295,556.9909,0.14035169227305513,224.70399999999998
10.79935,76.75699,115.0,150.00355280291978,10.00697509587053,0.17007434,2026-06-25 10:43:38.414365280,55.0,0.181945,27.14,0.0,16.64,47.7368023085546,444.07,338.0775909942008,105.99240900579917,390.3783763349641,2026-06-25 10:43:38,10.79935,76.75699,55.0,444.07,338.0775909942008,105.99240900579917,390.3783763349641,47.7368023085546,27.14,16.64,68.792,51.155,469.932,1.05824,0.68971,324.117,33.109,0.96757,0.21286,137.986,131.087,0.18194499611854553,23.851,0.02385,10.007,17.0,147.09975,128.06964,454.32825,395.55237,77.18197,1.0514,974.7136,950.8626,46318.89,77.19815,160.01053,85.501305,541.73315,0.14321040692566378,248.55499999999998
10.83475,76.83534,199.0,160.01052789879031,10.026073900429367,0.8394145,2026-06-25 10:54:33.416371558,55.0,0.18229225,27.14,0.0,16.48,44.08287345919647,482.53,376.17345534866956,106.35654465133041,434.3676914150921,2026-06-25 10:54:33,10.83475,76.83534,55.0,482.53,376.17345534866956,106.35654465133041,434.3676914150921,44.08287345919647,27.14,16.48,70.898,46.823,516.806,1.07103,0.71346,368.721,34.543,0.96183,0.2116,156.045,148.243,0.18229225277900696,27.024,0.02702,10.026,84.0,147.09975,127.498215,455.19537,394.53906,381.36972,1.0514,1294.3829,1267.3589,45051.53,75.085884,170.0366,87.91323,512.4545,0.13224862037758942,275.57899999999995
10.87674,76.90602,281.0,170.03660179921968,9.977566020484858,0.8178675,2026-06-25 11:05:29.668481404,55.0,0.1814103,27.42,0.0,18.17,33.4071420824181,582.16,484.91849082649736,97.2415091735026,502.02456299307806,2026-06-25 11:05:29,10.87674,76.90602,55.0,582.16,484.91849082649736,97.2415091735026,502.02456299307806,33.4071420824181,27.42,18.17,72.847,41.398,576.937,0.99103,0.78285,451.658,36.992,0.95203,0.20945,189.197,179.737,0.1814102977514267,32.606,0.03261,9.978,82.0,147.09975,133.59836,452.99304,411.41556,372.2895,1.0542,1303.7272,1271.1211,43780.41,72.967354,180.01418,90.10173,485.89978,0.10022142624725429,308.18499999999995
10.91431,76.98259,359.0,180.01416781970454,10.076518125332143,0.7817538,2026-06-25 11:16:22.745530016,55.0,0.18320942,27.44,0.0,18.07,26.937638637812043,645.48,558.5414650603254,86.93853493967458,578.2446745483055,2026-06-25 11:16:22,10.91431,76.98259,55.0,645.48,558.5414650603254,86.93853493967458,578.2446745483055,26.937638637812043,27.44,18.07,74.572,34.594,644.346,0.99824,0.82491,531.524,39.533,0.94187,0.20721,220.276,209.262,0.18320941925048828,38.339,0.03834,10.077,78.0,147.09975,133.23343,457.4856,414.36084,354.12903,1.0544,1292.6686,1254.3295,42526.082,70.8768,190.09068,91.92412,462.6216,0.08081291591343613,346.52399999999994
10.97995,77.04612,387.0,190.09068594503668,10.007648331644361,0.27787375,2026-06-25 11:27:22.299443676,55.0,0.18195724,27.44,0.0,18.07,27.530036379296764,645.48,556.6295605894577,88.85043941054232,576.2653253903967,2026-06-25 11:27:22,10.97995,77.04612,55.0,645.48,556.6295605894577,88.85043941054232,576.2653253903967,27.530036379296764,27.44,18.07,76.03,26.161,648.071,1.00401,0.82105,532.101,39.551,0.9418,0.2072,220.498,209.473,0.18195724487304688,38.115,0.03812,10.008,28.0,147.09975,133.23343,454.35883,411.5288,127.12324,1.0544,1047.0306,1008.91565,41517.168,69.195274,200.09833,92.36875,449.472,0.08259010913789029,384.63899999999995
11.05729,77.08493,374.0,200.09833427668104,9.918731006519806,-0.12990065,2026-06-25 11:38:17.345516290,55.0,0.18034056,27.44,0.0,18.07,27.948288211621097,645.48,555.279694625814,90.20030537418597,574.8678413114901,2026-06-25 11:38:17,11.05729,77.08493,55.0,645.48,555.279694625814,90.20030537418597,574.8678413114901,27.948288211621097,27.44,18.07,77.088,16.192,650.532,1.00783,0.81834,532.354,39.559,0.94177,0.20719,220.595,209.565,0.18034055829048157,37.793,0.03779,9.919,0.0,147.09975,133.23343,450.32187,407.8724,0.0,1.0544,904.88007,867.08704,40650.08,67.75013,210.01706,92.134995,441.20126,0.08384486463486329,422.43199999999996
11.10064,77.1634,363.0,210.01706528320085,10.001175840305109,-0.11090128,2026-06-25 11:49:06.571545808,55.0,0.18183956,27.44,0.0,18.15,28.197311052991747,645.48,554.4759983075744,91.00400169242562,574.0357936569333,2026-06-25 11:49:06,11.10064,77.1634,55.0,645.48,554.4759983075744,91.00400169242562,574.0357936569333,28.197311052991747,27.44,18.15,77.63,4.767,651.714,1.00966,0.81672,532.266,39.536,0.94186,0.20721,220.58,209.551,0.18183955550193787,38.105,0.0381,10.001,0.0,147.09975,133.52533,454.06497,412.1637,0.0,1.0544,913.3515,875.24646,39774.832,66.29139,220.01823,91.92496,432.68805,0.08459193315897524,460.537
11.17514,77.14458,359.0,220.01824112350596,9.9890042446807,-0.039995298,2026-06-25 12:00:01.193964447,55.0,0.18161826,27.46,0.0,18.71,28.104444444444454,647.06,556.1336908888889,90.9263091111111,556.1336908888889,2026-06-25 12:00:01,11.17514,77.14458,55.0,647.06,556.1336908888889,90.9263091111111,556.1336908888889,28.104444444444454,27.46,18.71,77.656,353.124,634.204,0.98013,0.81732,518.348,38.981,0.94408,0.2077,215.318,204.553,0.18161825835704803,37.151,0.03715,9.989,0.0,147.09975,135.57756,453.51236,417.98917,0.0,1.0546,919.0855,881.9345,38892.9,64.821495,230.00725,91.76711,423.82175,0.08431333333333337,497.688
11.24627,77.10138,379.0,230.00724536818666,9.99353733244854,0.20022015,2026-06-25 12:10:55.019696826,55.0,0.18170068,27.46,0.0,18.71,28.03595061535803,647.06,556.3552889741321,90.70471102586782,556.3552889741321,2026-06-25 12:10:55,11.24627,77.10138,55.0,647.06,556.3552889741321,90.70471102586782,556.3552889741321,28.03595061535803,27.46,18.71,77.158,342.056,633.144,0.97849,0.81777,517.764,38.963,0.94415,0.20771,215.092,204.338,0.1817006766796112,37.128,0.03713,9.994,20.0,147.09975,135.57756,453.71817,418.17886,90.802315,1.0546,1015.2627,978.1347,37914.766,63.191273,240.00078,92.021515,412.02066,0.08410785184607408,534.816
11.33315,77.09481,368.0,240.0007827006352,10.13524250110936,-0.11007114,2026-06-25 12:21:49.142140405,55.0,0.18427713,29.3,0.0,18.71,27.36975530769018,650.93,561.851025887826,89.07897411217391,561.851025887826,2026-06-25 12:21:49,11.33315,77.09481,55.0,650.93,561.851025887826,89.07897411217391,561.851025887826,27.36975530769018,29.3,18.71,76.195,332.064,634.7,0.97507,0.8221,521.785,40.928,0.93629,0.20598,214.958,204.21,0.18427713215351105,37.631,0.03763,10.135,0.0,147.09975,135.57756,460.15173,424.1085,0.0,1.073,948.8112,911.18024,37003.582,61.672638,250.13603,91.93564,402.49442,0.08210926592307054,572.447
11.41341,77.12645,317.0,250.13602520174456,9.874361909418298,-0.5031947,2026-06-25 12:32:52.539831387,55.0,0.17953385,29.3,0.0,18.71,26.963659802272886,650.93,563.1727246245325,87.75727537546743,563.1727246245325,2026-06-25 12:32:52,11.41341,77.12645,55.0,650.93,563.1727246245325,87.75727537546743,563.1727246245325,26.963659802272886,29.3,18.71,74.798,323.481,631.223,0.96972,0.82474,520.592,40.891,0.93644,0.20602,214.501,203.776,0.17953385412693024,36.585,0.03658,9.874,0.0,147.09975,135.57756,448.30746,413.19196,0.0,1.073,924.38885,887.8039,36115.78,60.192966,260.01038,91.85872,393.16663,0.08089097940681866,609.032
11.47647,77.11144,256.0,260.01038711116286,10.098517718219057,-0.61776143,2026-06-25 12:43:38.861701820,55.0,0.18360941,29.3,0.0,18.71,26.382486359618895,650.93,565.0642407696664,85.86575923033354,565.0642407696664,2026-06-25 12:43:38,11.47647,77.11144,55.0,650.93,565.0642407696664,85.86575923033354,565.0642407696664,26.382486359618895,29.3,18.71,73.163,316.85,626.706,0.96279,0.82851,519.235,40.849,0.93661,0.20605,213.98,203.281,0.18360941112041473,37.324,0.03732,10.099,0.0,147.09975,135.57756,458.4844,422.57175,0.0,1.073,945.3732,908.04926,35207.73,58.67955,270.10892,91.7862,383.58414,0.07914745907885669,646.356
11.5409,77.13863,316.0,270.1089048293819,9.891141886808782,0.5941466,2026-06-25 12:54:39.855588832,55.0,0.17983894,29.3,0.0,18.71,25.619299776389536,650.93,567.5481459827737,83.38185401722626,567.5481459827737,2026-06-25 12:54:39,11.5409,77.13863,55.0,650.93,567.5481459827737,83.38185401722626,567.5481459827737,25.619299776389536,29.3,18.71,71.248,311.348,620.804,0.95372,0.83347,517.424,40.792,0.93683,0.2061,213.285,202.621,0.17983894050121307,36.439,0.03644,9.891,60.0,147.09975,135.57756,449.06927,413.89413,272.40695,1.073,1218.2524,1181.8134,34025.918,56.70986,280.00006,92.764565,366.79868,0.0768578993291686,682.795
11.59652,77.12488,744.0,280.0000467161907,10.012924421691082,4.327104,2026-06-25 13:05:27.275785058,55.0,0.18205318,29.9,0.0,19.13,24.66479191144012,650.93,570.6547350054313,80.2752649945686,590.785254389351,2026-06-25 13:05:27,11.59652,77.12488,55.0,650.93,570.6547350054313,80.2752649945686,590.785254389351,24.66479191144012,29.9,19.13,69.243,307.13,632.715,0.97202,0.83968,531.277,41.72,0.93312,0.20529,218.128,207.222,0.18205317854881287,37.725,0.03773,10.013,428.0,147.09975,137.12701,454.59836,423.77853,1943.1696,1.079,3044.4485,3006.7236,31019.193,51.698654,290.01297,99.92934,310.4113,0.07399437573432036,720.52
11.65677,77.1321,936.0,290.0129711378818,10.024264070204879,1.9175217,2026-06-25 13:16:22.667201752,55.0,0.18225935,29.9,0.0,19.13,23.50699666612894,650.93,574.4229533005833,76.5070466994166,594.6864010329074,2026-06-25 13:16:22,11.65677,77.1321,55.0,650.93,574.4229533005833,76.5070466994166,594.6864010329074,23.50699666612894,29.9,19.13,67.093,303.681,624.294,0.95908,0.8472,528.904,41.646,0.93342,0.20535,217.223,206.362,0.18225935101509094,37.611,0.03761,10.024,192.0,147.09975,137.12701,455.1132,424.25845,871.7022,1.079,1889.4087,1851.7977,29167.396,48.612328,300.03723,102.76258,283.83286,0.07052098999838682,758.131
11.7415,77.11101,874.0,300.03723520808666,9.997775379457096,-0.6184993,2026-06-25 13:27:18.800849984,55.0,0.18177773,29.9,0.0,19.13,22.130909041663706,650.93,578.9016368875492,72.02836311245073,599.3230754700868,2026-06-25 13:27:18,11.7415,77.11101,55.0,650.93,578.9016368875492,72.02836311245073,599.3230754700868,22.130909041663706,29.9,19.13,64.892,300.885,614.72,0.94437,0.85615,526.292,41.564,0.93374,0.20542,216.226,205.414,0.1817777305841446,37.34,0.03734,9.998,0.0,147.09975,137.12701,453.91058,423.13736,0.0,1.079,946.3347,908.99475,28258.4,47.097336,310.035,102.380684,276.013,0.06639272712499111,795.471
11.79471,77.06408,796.0,310.03501058754375,10.015015601259108,-0.78017354,2026-06-25 13:38:13.200693003,55.0,0.18209119,29.9,0.0,19.13,20.51798480842364,650.93,584.1511407432639,66.77885925673604,604.7577617708791,2026-06-25 13:38:13,11.79471,77.06408,55.0,650.93,584.1511407432639,66.77885925673604,604.7577617708791,20.51798480842364,29.9,19.13,62.639,298.69,603.881,0.92772,0.86663,523.344,41.472,0.93411,0.2055,215.099,204.344,0.18209119141101837,37.209,0.03721,10.015,0.0,147.09975,137.12701,454.6933,423.86703,0.0,1.079,947.9666,910.75757,27347.643,45.579407,320.05002,102.02265,268.0546,0.061553954425270924,832.6800000000001
11.82567,77.00865,753.0,320.05002618880286,9.954251533948877,-0.4293553,2026-06-25 13:49:08.728986903,55.0,0.18098639,29.9,0.0,19.13,18.645488168333635,650.93,590.2454619329328,60.68453806706714,611.0670673343118,2026-06-25 13:49:08,11.82567,77.00865,55.0,650.93,590.2454619329328,60.68453806706714,611.0670673343118,18.645488168333635,29.9,19.13,60.339,296.939,591.68,0.90898,0.8788,519.971,41.367,0.93453,0.2056,213.809,203.119,0.18098638951778412,36.762,0.03676,9.954,0.0,147.09975,137.12701,451.93454,421.2953,0.0,1.079,942.215,905.453,26442.19,44.070316,330.00427,101.688995,260.03,0.0559364645050009,869.442
11.88613,76.95508,711.0,330.00427772275174,10.011909683883061,-0.42193025,2026-06-25 14:00:00.279996397,55.0,0.18203472,29.7,0.0,20.76,31.605804111198733,533.08,448.8378897220109,84.24211027798913,518.2733529070131,2026-06-25 14:00:00,11.88613,76.95508,55.0,533.08,448.8378897220109,84.24211027798913,518.2733529070131,31.605804111198733,29.7,20.76,58.027,295.465,523.891,0.98276,0.79456,416.264,37.518,0.94993,0.20898,173.985,165.286,0.1820347160100937,30.088,0.03009,10.012,0.0,147.09975,143.22372,454.55228,442.57498,0.0,1.077,966.20605,936.11804,25506.072,42.51012,340.01617,101.44788,251.42046,0.0948174123335962,899.53
11.95352,76.90599,726.0,340.0161874066348,10.076684542772284,0.14982156,2026-06-25 14:10:55.604993887,55.0,0.18321244,29.7,0.0,20.76,29.770320288199738,533.08,453.7301883038325,79.34981169616754,523.9224927133546,2026-06-25 14:10:55,11.95352,76.90599,55.0,533.08,453.7301883038325,79.34981169616754,523.9224927133546,29.770320288199738,29.7,20.76,55.676,294.237,512.036,0.96052,0.80649,412.953,37.415,0.95034,0.20907,172.676,164.043,0.18321244418621063,30.055,0.03005,10.077,15.0,147.09975,143.22372,457.49313,445.43835,68.10174,1.077,1045.8027,1015.7478,24490.324,40.817207,350.09286,101.42928,241.45221,0.0893109608645992,929.5849999999999
12.00113,76.83098,740.0,350.0928719494071,9.923778527627974,0.13893458,2026-06-25 14:21:55.169800326,55.0,0.18043233,29.7,0.0,20.76,27.46987863067474,533.08,459.8617854977996,73.21821450220045,531.0026512943531,2026-06-25 14:21:55,12.00113,76.83098,55.0,533.08,459.8617854977996,73.21821450220045,531.0026512943531,27.46987863067474,29.7,20.76,53.3,293.255,498.962,0.936,0.82145,409.87,37.318,0.95073,0.20916,171.457,162.884,0.18043233454227448,29.39,0.02939,9.924,14.0,147.09975,143.22372,450.55103,438.67917,63.56162,1.077,1026.1567,996.7668,23493.559,39.15593,360.01666,101.40207,231.68716,0.08240963589202421,958.9749999999999
12.05841,76.76524,714.0,360.01665047703506,10.021581711209421,-0.26199698,2026-06-25 14:32:44.726213043,55.0,0.18221058,29.7,0.0,20.85,28.394942204410267,507.83,435.7309825016717,72.0990174983283,503.13880008320046,2026-06-25 14:32:44,12.05841,76.76524,55.0,507.83,435.7309825016717,72.0990174983283,503.13880008320046,28.394942204410267,29.7,20.85,50.944,292.448,462.803,0.91133,0.81543,377.384,36.281,0.95488,0.21007,158.557,150.629,0.18221057951450348,27.446,0.02745,10.022,0.0,147.09975,143.56421,454.9914,444.0557,0.0,1.077,968.27374,940.82776,22552.73,37.587883,370.03824,101.19836,222.85669,0.0851848266132308,986.4209999999999
12.11703,76.69718,658.0,370.0382321882445,9.962923830358534,-0.558794,2026-06-25 14:43:40.684288684,55.0,0.18114407,29.7,0.0,20.85,25.517207475694946,507.83,443.03798263808915,64.79201736191084,511.576197074659,2026-06-25 14:43:40,12.11703,76.69718,55.0,507.83,443.03798263808915,64.79201736191084,511.576197074659,25.517207475694946,29.7,20.85,48.552,291.783,448.247,0.88267,0.83414,373.9,36.172,0.95531,0.21017,157.164,149.306,0.18114407360553741,27.046,0.02705,9.963,0.0,147.09975,143.56421,452.32828,441.45657,0.0,1.077,962.60626,935.5603,21617.17,36.028618,380.00116,101.00712,214.01631,0.07655162242708484,1013.467
12.185,76.668,691.0,380.001156018603,10.024214693775491,0.33122808,2026-06-25 14:54:32.802939399,55.0,0.18225844,29.7,0.0,20.85,22.21181529089379,507.83,451.430869204127,56.39913079587296,521.2674677110189,2026-06-25 14:54:32,12.185,76.668,55.0,507.83,451.430869204127,56.39913079587296,521.2674677110189,22.21181529089379,29.7,20.85,46.133,291.234,432.206,0.85108,0.85562,369.806,36.044,0.95582,0.21028,155.526,147.75,0.18225844204425812,26.929,0.02693,10.024,33.0,147.09975,143.56421,455.11096,444.17236,149.82382,1.077,1129.8884,1102.9594,20514.21,34.19035,390.02536,101.239006,202.63148,0.06663544587268136,1040.396
12.27266,76.65822,727.0,390.0253707123785,9.974769485492459,0.35913038,2026-06-25 15:05:28.933355720,55.0,0.18135944,29.52,0.0,20.8,30.05354203447118,435.32,369.90546040777,65.41453959222997,523.1253189045323,2026-06-25 15:05:28,12.27266,76.65822,55.0,435.32,369.90546040777,65.41453959222997,523.1253189045323,30.05354203447118,29.52,20.8,43.68,290.778,426.698,0.98019,0.80465,343.343,35.049,0.9598,0.21116,144.998,137.748,0.1813594400882721,24.982,0.02498,9.975,36.0,147.09975,143.375,452.8661,441.39893,163.44417,1.0752,1137.2489,1112.267,19401.943,32.33657,400.00015,101.49508,191.1614,0.09016062610341354,1065.378
12.33166,76.64734,748.0,400.00014019787096,10.024232883778382,0.21053118,2026-06-25 15:16:21.827358404,55.0,0.18225878,29.52,0.0,20.8,26.273571810580542,435.32,378.1329435970904,57.187056402909604,534.7607372150658,2026-06-25 15:16:21,12.33166,76.64734,55.0,435.32,378.1329435970904,57.187056402909604,534.7607372150658,26.273571810580542,29.52,20.8,41.222,290.452,409.586,0.94089,0.82922,339.638,34.934,0.96027,0.21126,143.503,136.327,0.18225878477096558,24.847,0.02485,10.024,21.0,147.09975,143.375,455.1118,443.58777,95.34243,1.0752,1068.794,1043.9469,18357.996,30.59666,410.02438,101.5598,180.76047,0.07882071543174163,1090.225
12.4041,76.67863,689.0,410.02437308164934,9.984924596847293,-0.5885737,2026-06-25 15:27:17.958965346,55.0,0.18154408,29.52,0.0,21.07,21.928919855838803,435.0,387.3045993135506,47.695400686449375,547.7314171187006,2026-06-25 15:27:17,12.4041,76.67863,55.0,435.0,387.3045993135506,47.695400686449375,547.7314171187006,21.928919855838803,29.52,21.07,38.716,290.201,390.277,0.89719,0.85746,334.647,34.71,0.96116,0.21145,141.526,134.449,0.18154408037662506,24.408,0.02441,9.985,0.0,147.09975,144.39822,453.32715,445.00165,0.0,1.0752,965.8831,941.4751,17416.521,29.027536,420.0093,101.38697,171.78265,0.06578675956751641,1114.6329999999998
12.46091,76.74519,744.0,420.00929767849664,10.005265711199286,0.5508304,2026-06-25 15:38:11.517666230,55.0,0.18191393,29.52,0.0,21.07,16.767543788097207,435.0,398.5305922608886,36.469407739111375,563.6073685959307,2026-06-25 15:38:11,12.46091,76.74519,55.0,435.0,398.5305922608886,36.469407739111375,563.6073685959307,16.767543788097207,29.52,21.07,36.176,290.043,369.146,0.84861,0.89101,328.913,34.531,0.96188,0.21161,139.204,132.244,0.18191392719745636,24.057,0.02406,10.005,55.0,147.09975,144.39822,454.25064,445.9082,249.70636,1.0752,1236.3351,1212.2781,16204.243,27.007072,430.01456,101.84712,159.10359,0.05030263136429162,1138.6899999999998
12.50138,76.82426,727.0,430.0145633896959,10.02860727968067,-0.16991054,2026-06-25 15:49:06.407785506,55.0,0.18233831,29.52,0.0,20.98,6.222726216961116,456.58,442.37413831929945,14.205861680700536,625.6115060542647,2026-06-25 15:49:06,12.50138,76.82426,55.0,456.58,442.37413831929945,14.205861680700536,625.6115060542647,6.222726216961116,29.52,20.98,33.613,289.968,360.536,0.78964,0.95955,345.953,35.086,0.95966,0.21112,146.078,138.774,0.18233831226825714,25.304,0.0253,10.029,0.0,147.09975,144.05675,455.31036,445.8915,0.0,1.0752,968.9723,943.6683,15260.575,25.434292,440.04318,101.67051,150.09834,0.018668178650883348,1163.994
12.54376,76.89426,675.0,440.0431706693766,10.04913280706404,-0.51851666,2026-06-25 16:00:02.825716539,55.0,0.18271151,28.69,0.0,20.89,32.00444444444444,305.98,257.01640044444446,48.96359955555556,514.032800888889,2026-06-25 16:00:02,12.54376,76.89426,55.0,305.98,257.01640044444446,48.96359955555556,514.032800888889,32.00444444444444,28.69,20.89,31.056,289.959,314.14,1.02667,0.79197,248.79,31.242,0.97503,0.21451,106.734,101.398,0.18271151185035706,18.527,0.01853,10.049,0.0,147.09975,143.71567,456.24225,445.74625,0.0,1.0669,962.33154,943.80457,14316.7705,23.861284,450.09232,101.497444,141.05548,0.0960133333333333,1182.521
12.56018,76.98229,661.0,450.09230347644063,10.001351952490438,-0.1393155,2026-06-25 16:11:00.587136638,55.0,0.18184276,28.69,0.0,20.89,25.748603151822802,305.98,266.5872120380263,39.39278796197374,533.1744240760527,2026-06-25 16:11:00,12.56018,76.98229,55.0,305.98,266.5872120380263,39.39278796197374,533.1744240760527,25.748603151822802,28.69,20.89,28.466,290.025,293.526,0.9593,0.83263,244.399,31.105,0.97558,0.21463,104.91,99.664,0.18184275925159454,18.123,0.01812,10.001,0.0,147.09975,143.71567,454.07297,443.62686,0.0,1.0669,957.7559,939.63293,13377.138,22.295229,460.09366,101.3334,132.01115,0.0772458094554684,1200.644
12.59855,77.06434,625.0,460.0936554289311,9.91507088674257,-0.35995135,2026-06-25 16:21:55.221082621,55.0,0.18027401,28.69,0.0,20.89,18.793772771764505,305.98,277.2274070364775,28.752592963522545,554.4548140729551,2026-06-25 16:21:55,12.59855,77.06434,55.0,305.98,277.2274070364775,28.752592963522545,554.4548140729551,18.793772771764505,28.69,20.89,25.903,290.135,270.964,0.88556,0.87784,237.863,30.901,0.9764,0.21481,102.189,97.08,0.18027400970458984,17.501,0.0175,9.915,0.0,147.09975,143.71567,450.1557,439.7997,0.0,1.0669,949.4934,931.99243,12445.145,20.741909,470.00873,101.17864,123.0017,0.05638131831529351,1218.145
12.63934,77.14237,671.0,470.00872631567364,10.003066008469887,0.4639402,2026-06-25 16:32:44.207540664,55.0,0.18187393,28.69,0.0,20.89,9.244048622413569,305.98,291.8375300125695,14.142469987430502,583.6750600251391,2026-06-25 16:32:44,12.63934,77.14237,55.0,305.98,291.8375300125695,14.142469987430502,583.6750600251391,9.244048622413569,28.69,20.89,23.369,290.295,245.662,0.80287,0.93991,230.901,30.683,0.97727,0.215,99.287,94.322,0.18187393248081207,17.155,0.01716,10.003,46.0,147.09975,143.71567,454.1508,443.70288,208.84532,1.0669,1180.7372,1163.5822,11281.5625,18.802605,480.01178,101.494225,111.154724,0.027732145867240706,1235.3
12.69083,77.20852,715.0,480.0117923241435,10.001102805354094,0.43986514,2026-06-25 16:43:38.953679397,55.0,0.18183823,27.08,0.0,20.89,0.0,311.73,311.73,0.0,623.4600000000002,2026-06-25 16:43:38,12.69083,77.20852,55.0,311.73,311.73,0.0,623.4600000000002,0.0,27.08,20.89,20.835,290.502,221.753,0.71136,1.0,221.753,28.787,0.98485,0.21667,96.093,91.288,0.1818382292985916,16.6,0.0166,10.001,44.0,147.09975,143.71567,454.06165,443.61578,199.76509,1.0508,1153.1926,1136.5927,10144.971,16.908283,490.0129,101.74226,99.712456,0.0,1251.8999999999999
12.74751,77.2706,722.0,490.0128951294976,10.00993066735981,0.06999228,2026-06-25 16:54:33.571317567,55.0,0.18199874,27.08,0.0,20.89,0.0,311.73,311.73,0.0,623.4600000000002,2026-06-25 16:54:33,12.74751,77.2706,55.0,311.73,311.73,0.0,623.4600000000002,0.0,27.08,20.89,18.307,290.756,195.837,0.62823,1.0,195.837,27.977,0.98809,0.21738,85.142,80.885,0.18199874460697174,14.721,0.01472,10.01,7.0,147.09975,143.71567,454.46243,444.00735,31.78081,1.0508,977.5073,962.7864,9182.184,15.303639,500.02283,101.63097,90.34828,0.0,1266.6209999999999
12.77089,77.35053,783.0,500.02282579685743,10.099184181732653,0.60939485,2026-06-25 17:05:28.766779429,55.0,0.18362153,25.55,0.0,16.5,20.436543683629193,170.2,152.80850132523153,17.391498674768457,590.4067116262732,2026-06-25 17:05:28,12.77089,77.35053,55.0,170.2,152.80850132523153,17.391498674768457,590.4067116262732,20.436543683629193,25.55,16.5,15.757,291.07,177.718,1.04417,0.86716,154.11,26.241,0.99504,0.21891,67.472,64.098,0.18362152576446533,11.77,0.01177,10.099,61.0,147.09975,127.56957,458.51465,397.63846,276.94705,1.0355,1173.3252,1161.5552,8020.629,13.367715,510.122,101.895935,78.71392,0.061309631050887575,1278.3909999999998
12.82526,77.41137,769.0,510.1220099785901,9.886488342177017,-0.13862506,2026-06-25 17:16:29.804289506,55.0,0.17975433,25.55,0.0,16.5,0.8898344976261185,170.2,169.44275084252016,0.7572491574798335,654.6765164650153,2026-06-25 17:16:29,12.82526,77.41137,55.0,170.2,169.44275084252016,0.7572491574798335,654.6765164650153,0.8898344976261185,25.55,16.5,13.218,291.423,150.455,0.88399,0.99422,149.585,26.1,0.9956,0.21903,65.528,62.251,0.1797543317079544,11.19,0.01119,9.886,0.0,147.09975,127.56957,448.858,389.26392,0.0,1.0355,867.87524,856.68524,7163.9434,11.939906,520.0085,101.60612,70.50701,0.0026695034928783555,1289.581
12.8974,77.46178,765.0,520.0084983207671,10.051870763377451,-0.04045926,2026-06-25 17:27:16.919890084,55.0,0.18276128,25.51,0.0,16.5,0.0,170.2,170.2,0.0,657.602302537597,2026-06-25 17:27:16,12.8974,77.46178,55.0,170.2,170.2,0.0,657.602302537597,0.0,25.51,16.5,10.756,291.811,122.726,0.72107,1.0,122.726,25.22,0.99912,0.21981,53.952,51.254,0.1827612817287445,9.367,0.00937,10.052,0.0,147.09975,127.56957,456.36658,395.77557,0.0,1.0351,882.0523,872.6853,6291.2583,10.48543,530.06036,101.325676,62.089478,0.0,1298.9479999999999
12.90346,77.52493,845.0,530.0603690841446,9.967742856836708,0.79587173,2026-06-25 17:38:14.860521870,55.0,0.18123169,25.51,0.0,16.5,0.0,170.2,170.2,0.0,657.602302537597,2026-06-25 17:38:14,12.90346,77.52493,55.0,170.2,170.2,0.0,657.602302537597,0.0,25.51,16.5,8.224,292.265,94.069,0.55269,1.0,94.069,24.325,1.0027,0.22059,41.502,39.427,0.18123169243335724,7.145,0.00714,9.968,80.0,147.09975,127.56957,452.54706,392.46317,363.20926,1.0351,1250.628,1243.483,5047.775,8.412958,540.02814,101.75806,49.605656,0.0,1306.0929999999998
12.96305,77.56668,903.0,540.0281119409813,2.8280727749688594,0.581877,2026-06-25 17:49:07.294599771,55.0,0.051419504,25.51,0.0,16.5,0.0,170.2,170.2,0.0,657.602302537597,2026-06-25 17:49:07,12.96305,77.56668,55.0,170.2,170.2,0.0,657.602302537597,0.0,25.51,16.5,5.76,292.75,65.997,0.38776,1.0,65.997,23.447,1.00621,0.22137,29.219,27.758,0.05141950398683548,1.427,0.00143,2.828,58.0,147.09975,127.56957,128.39778,111.350624,263.32672,1.0351,520.73303,519.306,4528.469,7.5474486,542.8562,102.184555,44.316574,0.0,1307.5199999999998
12.9628889,77.5775128,899.0,542.8561847159501,0.0,-0.14143908,2026-06-25 17:52:12.404817771,55.0,0.0,25.51,0.0,16.5,0.0,170.2,170.2,0.0,657.602302537597,2026-06-25 17:52:12,12.9628889,77.5775128,55.0,170.2,170.2,0.0,657.602302537597,0.0,25.51,16.5,5.058,292.897,57.975,0.34063,1.0,57.975,23.197,1.00721,0.22159,25.693,24.408,0.0,0.0,0.0,0.0,0.0,147.09975,127.56957,0.0,0.0,0.0,1.0351,0.0,0.0,4528.469,7.5474486,542.8562,102.184555,44.316574,0.0,1307.5199999999998
